"企業管理コード","資本金_千円","従業員数","所在地_市区郡コード","所在地_都道府県名","創業年","創業月","設立年","設立月"
A01132330,913,378,34203,広島県,1900,3,1987,7
A01132330,913,378,34203,広島県,1900,3,1987,7
A01132330,913,378,34203,広島県,1900,3,1987,7
A03112202,970,88,40137,福岡県,1900,3,1987,7
A03112202,970,88,40137,福岡県,1900,3,1987,7
A03124920,902,148,24207,三重県,1900,3,1987,7
A04113912,1127,72,40134,福岡県,1900,3,1987,7
A04116769,1037,114,13103,東京都,1900,3,1987,7
A04122570,1158,103,27127,大阪府,1900,3,1987,7
A04122803,930,53,13107,東京都,1900,3,1987,7
A04122803,930,53,13107,東京都,1900,3,1987,7
A04122913,1059,-,45201,宮崎県,1900,3,1987,7
A05122064,923,130,24212,三重県,1900,3,1987,7
A05128797,863,28,28201,兵庫県,1900,3,1987,7
A06114819,901,233,22131,静岡県,1900,3,1987,7
A06122921,1134,67,42201,長崎県,1900,3,1987,7
A07123469,1160,189,02400,青森県,1900,3,1987,7
A08010716,926,-,22101,静岡県,1900,3,1987,7
A08018618,1003,4,22214,静岡県,1900,3,1987,7
A08042570,1027,296,22101,静岡県,1900,3,1987,7
A08043886,1000,146,10201,群馬県,1900,3,1987,7
A08049725,959,82,10201,群馬県,1900,3,1987,7
A08078487,995,174,10201,群馬県,1900,3,1987,7
A08081571,1031,-,22101,静岡県,1900,3,1987,7
A08086569,1047,159,10204,群馬県,1900,3,1987,7
A08100410,1136,245,41203,佐賀県,1900,3,1987,7
A08104405,973,-,34207,広島県,1900,3,1987,7
A08105668,1018,-,22212,静岡県,1900,3,1987,7
A08125753,988,23,02202,青森県,1900,3,1987,7
A08126580,1085,204,40203,福岡県,1900,3,1987,7
A08128415,1001,171,34207,広島県,1900,3,1987,7
A08130453,927,4,40203,福岡県,1900,3,1987,7
A08144045,1052,68,34207,広島県,1900,3,1987,7
A08144624,1006,118,36204,徳島県,1900,3,1987,7
A08179573,939,167,01206,北海道,1900,3,1987,7
A08184126,969,24,22103,静岡県,1900,3,1987,7
A08502994,973,110,30201,和歌山県,1900,3,1987,7
A08507584,801,190,34205,広島県,1900,3,1987,7
A08507655,845,-,01223,北海道,1900,3,1987,7
A08511410,845,101,34204,広島県,1900,3,1987,7
A08512215,1093,35,30201,和歌山県,1900,3,1987,7
A08514558,1105,235,01920,北海道,1900,3,1987,7
A08531581,901,184,02201,青森県,1900,3,1987,7
A08539679,1028,193,01206,北海道,1900,3,1987,7
A08548747,852,91,01820,北海道,1900,3,1987,7
A08570140,1096,143,22212,静岡県,1900,3,1987,7
A08570230,950,53,34207,広島県,1900,3,1987,7
A08539679,1028,193,01206,北海道,1900,3,1987,7
A08548747,852,91,01820,北海道,1900,3,1987,7
A08570140,1096,143,22212,静岡県,1900,3,1987,7
A08570230,950,53,34207,広島県,1900,3,1987,7
A08584184,943,240,36202,徳島県,1900,3,1987,7
A08584400,1006,-,10208,群馬県,1900,3,1987,7
A08584511,1023,117,34205,広島県,1900,3,1987,7
A08585826,1221,100,01206,北海道,1900,3,1987,7
A08589288,794,76,40202,福岡県,1900,3,1987,7
A08590737,1044,177,36201,徳島県,1900,3,1987,7
A08604412,1084,-,10201,群馬県,1900,3,1987,7
A08620455,945,-,02201,青森県,1900,3,1987,7
A08621670,1120,99,10202,群馬県,1900,3,1987,7
A08629524,1078,-,22102,静岡県,1900,3,1987,7
A08648934,908,134,02205,青森県,1900,3,1987,7
A08650824,968,127,22101,静岡県,1900,3,1987,7
A00116790,1166,91,38201,愛媛県,1900,3,1987,7
A00115478,1066,102,29400,奈良県,1900,3,1987,7
A00121356,916,22,01104,北海道,1900,3,1987,7
A00123560,1004,149,11221,埼玉県,1900,3,1987,7
A00125118,966,93,13110,東京都,1900,3,1987,7
A08676453,831,40,22102,静岡県,1900,3,1987,7
A08677596,985,101,13103,東京都,1900,3,1987,7
A08680065,890,-,30201,和歌山県,1900,3,1987,7
A08692509,1021,161,30206,和歌山県,1900,3,1987,7
A08697754,1021,89,22226,静岡県,1900,3,1987,7
A08699343,830,-,10201,群馬県,1900,3,1987,7
A08713567,1189,4,10420,群馬県,1900,3,1987,7
A09104114,1123,64,13102,東京都,1900,3,1987,7
A09114020,1042,82,04209,宮城県,1900,3,1987,7
A09118892,954,152,16201,富山県,1900,3,1987,7
A10113368,1077,3,13113,東京都,1900,3,1987,7
A10123435,920,116,13113,東京都,1900,3,1987,7
A10125375,986,-,26106,京都府,1900,3,1987,7
A10129470,957,144,37201,香川県,1900,3,1987,7
A10129780,1242,50,40137,福岡県,1900,3,1987,7
A11104657,908,111,27227,大阪府,1900,3,1987,7
A11113454,933,5,08205,茨城県,1900,3,1987,7
A11120024,855,121,34540,広島県,1900,3,1987,7
A11120768,994,-,40205,福岡県,1900,3,1987,7
A11122447,1164,225,28207,兵庫県,1900,3,1987,7
A11123355,1062,254,11222,埼玉県,1900,3,1987,7
A11129037,1067,114,28201,兵庫県,1900,3,1987,7
A12113574,888,-,20217,長野県,1900,3,1987,7
A12123384,1009,173,17203,石川県,1900,3,1987,7
A13121941,907,128,27227,大阪府,1900,3,1987,7
A13127605,1117,230,23106,愛知県,1900,3,1987,7
A14110042,1195,129,27106,大阪府,1900,3,1987,7
A14111030,1091,126,29204,奈良県,1900,3,1987,7
A14113399,1294,263,20420,長野県,1900,3,1987,7
A14116543,996,42,26106,京都府,1900,3,1987,7
A14117268,1244,74,13102,東京都,1900,3,1987,7
A14122475,948,122,28202,兵庫県,1900,3,1987,7
A14125210,1079,160,25204,滋賀県,1900,3,1987,7
A15103127,887,23,41201,佐賀県,1900,3,1987,7
A15117793,814,69,01101,北海道,1900,3,1987,7
A15124323,926,77,46480,鹿児島県,1900,3,1987,7
A15124820,1022,153,44201,大分県,1900,3,1987,7
A15129366,923,103,14205,神奈川県,1900,3,1987,7
A16121580,870,48,23201,愛知県,1900,3,1987,7
A18018937,949,148,09201,栃木県,1900,3,1987,7
A18037561,951,60,38201,愛媛県,1900,3,1987,7
A18037619,1073,151,28360,兵庫県,1900,3,1987,7
A18055076,970,172,38202,愛媛県,1900,3,1987,7
A18062284,958,34,15104,新潟県,1900,3,1987,7
A18066300,1120,-,15103,新潟県,1900,3,1987,7
A18067768,1072,113,09360,栃木県,1900,3,1987,7
A18073604,840,-,15223,新潟県,1900,3,1987,7
A18082150,872,117,15104,新潟県,1900,3,1987,7
A18084004,1076,149,35215,山口県,1900,3,1987,7
A18087236,989,50,09208,栃木県,1900,3,1987,7
A18123020,1013,64,35215,山口県,1900,3,1987,7
A18130057,801,121,23214,愛知県,1900,3,1987,7
A18144978,928,94,28201,兵庫県,1900,3,1987,7
A18159566,712,65,38214,愛媛県,1900,3,1987,7
A18160556,949,50,23213,愛知県,1900,3,1987,7
A18164207,833,70,35206,山口県,1900,3,1987,7
A18168549,864,82,28201,兵庫県,1900,3,1987,7
A18184643,984,25,23211,愛知県,1900,3,1987,7
A18546597,1037,60,23201,愛知県,1900,3,1987,7
A18552320,1110,-,41201,佐賀県,1900,3,1987,7
A18555262,867,108,23201,愛知県,1900,3,1987,7
A18555555,906,160,23201,愛知県,1900,3,1987,7
A18560081,1056,129,38201,愛媛県,1900,3,1987,7
A18561260,1069,247,09208,栃木県,1900,3,1987,7
A18574021,1030,205,41206,佐賀県,1900,3,1987,7
A18578286,955,39,09201,栃木県,1900,3,1987,7
A18584171,914,90,41400,佐賀県,1900,3,1987,7
A18585418,1102,173,15206,新潟県,1900,3,1987,7
A18586882,1035,266,35210,山口県,1900,3,1987,7
A18597957,1037,93,28229,兵庫県,1900,3,1987,7
A18600201,781,136,41420,佐賀県,1900,3,1987,7
A18606326,879,218,41201,佐賀県,1900,3,1987,7
A18606495,860,186,41320,佐賀県,1900,3,1987,7
A18627301,883,22,01208,北海道,1900,3,1987,7
A18627868,939,-,15101,新潟県,1900,3,1987,7
A18628746,1081,111,41207,佐賀県,1900,3,1987,7
A18638279,1248,73,38201,愛媛県,1900,3,1987,7
A18644787,1029,51,09213,栃木県,1900,3,1987,7
A18646280,865,-,15223,新潟県,1900,3,1987,7
A18652179,1175,109,15107,新潟県,1900,3,1987,7
A18654476,948,-,41201,佐賀県,1900,3,1987,7
A18656866,978,90,23202,愛知県,1900,3,1987,7
A18661376,1141,30,15108,新潟県,1900,3,1987,7
A18671793,1099,166,28201,兵庫県,1900,3,1987,7
A18700464,1010,94,09201,栃木県,1900,3,1987,7
A18700517,996,45,09201,栃木県,1900,3,1987,7
A18748783,848,128,09204,栃木県,1900,3,1987,7
A18767656,1002,28,09201,栃木県,1900,3,1987,7
A18845537,953,170,09206,栃木県,1900,3,1987,7
A19116370,1068,69,33102,岡山県,1900,3,1987,7
A19118690,1011,173,13103,東京都,1900,3,1987,7
A20109970,985,67,24340,三重県,1900,3,1987,7
A20112794,983,111,02400,青森県,1900,3,1987,7
A20122496,1091,123,19209,山梨県,1900,3,1987,7
A20127237,984,47,47201,沖縄県,1900,3,1987,7
A20129595,940,23,27210,大阪府,1900,3,1987,7
A21116941,954,253,13109,東京都,1900,3,1987,7
A21121734,1073,-,11208,埼玉県,1900,3,1987,7
A21124124,919,-,41208,佐賀県,1900,3,1987,7
A21127449,935,115,15222,新潟県,1900,3,1987,7
A21129507,948,4,46219,鹿児島県,1900,3,1987,7
A22103080,1129,-,37201,香川県,1900,3,1987,7
A22111420,910,-,11208,埼玉県,1900,3,1987,7
A23110220,965,-,06207,山形県,1900,3,1987,7
A23115073,1133,192,28212,兵庫県,1900,3,1987,7
A23123922,1133,76,26108,京都府,1900,3,1987,7
A24120125,793,228,30203,和歌山県,1900,3,1987,7
A25109001,834,194,21201,岐阜県,1900,3,1987,7
A25109297,949,175,14211,神奈川県,1900,3,1987,7
A25116374,952,154,25207,滋賀県,1900,3,1987,7
A25119371,1038,6,36204,徳島県,1900,3,1987,7
A25123994,973,24,10201,群馬県,1900,3,1987,7
A25126152,1044,182,08216,茨城県,1900,3,1987,7
A25127230,796,79,13209,東京都,1900,3,1987,7
A25129990,979,39,29201,奈良県,1900,3,1987,7
A26123264,832,72,13103,東京都,1900,3,1987,7
A26123684,1060,207,12217,千葉県,1900,3,1987,7
A26127777,902,111,34101,広島県,1900,3,1987,7
A26129446,954,-,14111,神奈川県,1900,3,1987,7
A28004912,945,79,05212,秋田県,1900,3,1987,7
A28010281,1023,43,08300,茨城県,1900,3,1987,7
A28018514,921,222,05202,秋田県,1900,3,1987,7
A28044164,1065,88,05203,秋田県,1900,3,1987,7
A28056235,982,99,05206,秋田県,1900,3,1987,7
A28081325,1061,68,08233,茨城県,1900,3,1987,7
A28124951,961,191,21300,岐阜県,1900,3,1987,7
A28138394,1099,277,08204,茨城県,1900,3,1987,7
A28144276,988,-,01570,北海道,1900,3,1987,7
A28158018,1160,-,15210,新潟県,1900,3,1987,7
A28176680,1050,230,21201,岐阜県,1900,3,1987,7
A28177569,1017,137,33203,岡山県,1900,3,1987,7
A28187408,1138,-,35202,山口県,1900,3,1987,7
A28191389,1027,150,42203,長崎県,1900,3,1987,7
A28194830,1066,-,08230,茨城県,1900,3,1987,7
A28198302,864,-,21201,岐阜県,1900,3,1987,7
A28199497,1149,218,25204,滋賀県,1900,3,1987,7
A28501659,1177,134,01204,北海道,1900,3,1987,7
A28513182,898,124,25213,滋賀県,1900,3,1987,7
A28514438,889,-,08205,茨城県,1900,3,1987,7
A28514735,1079,90,01221,北海道,1900,3,1987,7
A28525625,945,79,15202,新潟県,1900,3,1987,7
A28531600,714,84,42201,長崎県,1900,3,1987,7
A28534951,1076,113,21213,岐阜県,1900,3,1987,7
A28538361,802,144,01204,北海道,1900,3,1987,7
A28554581,987,-,25203,滋賀県,1900,3,1987,7
A28555058,887,45,21201,岐阜県,1900,3,1987,7
A28558299,1008,6,05206,秋田県,1900,3,1987,7
A28564949,1052,166,25202,滋賀県,1900,3,1987,7
A28568911,1003,194,15216,新潟県,1900,3,1987,7
A28588632,1237,44,21400,岐阜県,1900,3,1987,7
A28592709,1035,143,08203,茨城県,1900,3,1987,7
A28594929,835,34,05215,秋田県,1900,3,1987,7
A28609178,966,121,05201,秋田県,1900,3,1987,7
A28620565,1054,8,42201,長崎県,1900,3,1987,7
A28631111,948,163,42201,長崎県,1900,3,1987,7
A28636918,1110,-,05201,秋田県,1900,3,1987,7
A28638262,958,26,21209,岐阜県,1900,3,1987,7
A28650558,866,158,42202,長崎県,1900,3,1987,7
A28742914,873,115,08202,茨城県,1900,3,1987,7
A28756749,894,155,08221,茨城県,1900,3,1987,7
A28776640,1020,244,08207,茨城県,1900,3,1987,7
A28787627,802,83,08221,茨城県,1900,3,1987,7
A28787812,982,60,08201,茨城県,1900,3,1987,7
A28814548,1098,104,08202,茨城県,1900,3,1987,7
A29110863,821,32,27128,大阪府,1900,3,1987,7
A29115904,965,126,13113,東京都,1900,3,1987,7
A29120480,1055,60,02202,青森県,1900,3,1987,7
A29122934,1018,18,13103,東京都,1900,3,1987,7
A30000668,1167,-,13101,東京都,1900,3,1987,7
A30111604,921,112,10420,群馬県,1900,3,1987,7
A30123254,978,97,01203,北海道,1900,3,1987,7
A30186722,1104,214,13102,東京都,1900,3,1987,7
A30217122,948,171,13110,東京都,1900,3,1987,7
A30430255,1041,97,13101,東京都,1900,3,1987,7
A30700837,918,98,13104,東京都,1900,3,1987,7
A30788665,878,92,13111,東京都,1900,3,1987,7
A30799300,1052,106,13112,東京都,1900,3,1987,7
A30799958,1021,-,13104,東京都,1900,3,1987,7
A30919976,1179,179,13120,東京都,1900,3,1987,7
A30933509,1006,45,13112,東京都,1900,3,1987,7
A30952976,1064,86,13112,東京都,1900,3,1987,7
A31107616,874,165,11203,埼玉県,1900,3,1987,7
A31110468,896,56,13105,東京都,1900,3,1987,7
A31141685,1093,55,11222,埼玉県,1900,3,1987,7
A31193333,1016,154,13123,東京都,1900,3,1987,7
A31230789,1101,48,13300,東京都,1900,3,1987,7
A31307664,1076,183,13119,東京都,1900,3,1987,7
A31330467,984,80,13110,東京都,1900,3,1987,7
A31444159,914,-,15225,新潟県,1900,3,1987,7
A31454611,1031,85,13229,東京都,1900,3,1987,7
A31492371,1045,75,13106,東京都,1900,3,1987,7
A31561763,1008,155,13121,東京都,1900,3,1987,7
A31760902,1052,200,13105,東京都,1900,3,1987,7
A31801608,1005,-,23106,愛知県,1900,3,1987,7
A32013846,994,-,27103,大阪府,1900,3,1987,7
A32029243,1090,47,27141,大阪府,1900,3,1987,7
A32051696,994,139,27212,大阪府,1900,3,1987,7
A32112595,981,51,14211,神奈川県,1900,3,1987,7
A32118319,1162,168,13105,東京都,1900,3,1987,7
A32192076,1191,178,13104,東京都,1900,3,1987,7
A32252683,1001,119,28202,兵庫県,1900,3,1987,7
A32345490,1050,241,27227,大阪府,1900,3,1987,7
A32396210,770,71,27127,大阪府,1900,3,1987,7
A32515610,938,231,27103,大阪府,1900,3,1987,7
A32543083,868,153,13101,東京都,1900,3,1987,7
A32610484,876,-,13106,東京都,1900,3,1987,7
A32627486,858,5,13102,東京都,1900,3,1987,7
A32640234,1105,73,13104,東京都,1900,3,1987,7
A32645990,827,121,13111,東京都,1900,3,1987,7
A32653973,936,-,13101,東京都,1900,3,1987,7
A32654740,1128,104,13108,東京都,1900,3,1987,7
A32673546,983,198,27207,大阪府,1900,3,1987,7
A32682647,1198,213,13113,東京都,1900,3,1987,7
A32733649,869,277,27122,大阪府,1900,3,1987,7
A32748130,821,-,27209,大阪府,1900,3,1987,7
A32760706,830,191,27380,大阪府,1900,3,1987,7
A32786613,1023,22,27211,大阪府,1900,3,1987,7
A32645990,827,121,13111,東京都,1900,3,1987,7
A32653973,936,-,13101,東京都,1900,3,1987,7
A32654740,1128,104,13108,東京都,1900,3,1987,7
A32673546,983,198,27207,大阪府,1900,3,1987,7
A32682647,1198,213,13113,東京都,1900,3,1987,7
A32733649,869,277,27122,大阪府,1900,3,1987,7
A32748130,821,-,27209,大阪府,1900,3,1987,7
A32760706,830,191,27380,大阪府,1900,3,1987,7
A32786613,1023,22,27211,大阪府,1900,3,1987,7
A32790644,1031,161,13108,東京都,1900,3,1987,7
A32812756,1026,-,27103,大阪府,1900,3,1987,7
A32838409,1009,180,27120,大阪府,1900,3,1987,7
A32901748,1109,186,27106,大阪府,1900,3,1987,7
A32967200,944,88,27227,大阪府,1900,3,1987,7
A33113739,1071,59,14107,神奈川県,1900,3,1987,7
A33118867,986,84,13101,東京都,1900,3,1987,7
A33124646,942,-,13104,東京都,1900,3,1987,7
A33154959,1256,11,28204,兵庫県,1900,3,1987,7
A33218936,1023,123,13123,東京都,1900,3,1987,7
A33236269,981,47,13104,東京都,1900,3,1987,7
A33296907,925,-,13209,東京都,1900,3,1987,7
A33562429,1225,84,11208,埼玉県,1900,3,1987,7
A33617998,1041,61,11215,埼玉県,1900,3,1987,7
A33665292,876,113,13224,東京都,1900,3,1987,7
A33733648,1149,232,13104,東京都,1900,3,1987,7
A33831413,913,180,13105,東京都,1900,3,1987,7
A33840149,1010,53,11203,埼玉県,1900,3,1987,7
A33869006,1039,67,13101,東京都,1900,3,1987,7
A33970740,807,196,13103,東京都,1900,3,1987,7
A34010493,1035,40,13113,東京都,1900,3,1987,7
A34100306,1016,177,13103,東京都,1900,3,1987,7
A34129513,874,30,40136,福岡県,1900,3,1987,7
A34164919,1130,138,14113,神奈川県,1900,3,1987,7
A34220227,1169,101,13108,東京都,1900,3,1987,7
A34250020,976,85,13109,東京都,1900,3,1987,7
A34310738,760,266,13107,東京都,1900,3,1987,7
A34352569,1161,106,13104,東京都,1900,3,1987,7
A34574573,764,116,13111,東京都,1900,3,1987,7
A34601710,1071,158,13113,東京都,1900,3,1987,7
A34624754,875,163,13111,東京都,1900,3,1987,7
A34743443,936,177,13120,東京都,1900,3,1987,7
A34749370,1072,-,13103,東京都,1900,3,1987,7
A34754710,969,276,13101,東京都,1900,3,1987,7
A34789102,858,70,13102,東京都,1900,3,1987,7
A34831766,949,215,13116,東京都,1900,3,1987,7
A35135647,1127,-,23201,愛知県,1900,3,1987,7
A35504578,902,-,13102,東京都,1900,3,1987,7
A35679948,984,64,27120,大阪府,1900,3,1987,7
A35947693,842,65,13102,東京都,1900,3,1987,7
A35971742,992,-,13118,東京都,1900,3,1987,7
A36020607,1053,99,13104,東京都,1900,3,1987,7
A36049308,1104,6,13104,東京都,1900,3,1987,7
A36069104,1081,18,13101,東京都,1900,3,1987,7
A36100568,826,-,21201,岐阜県,1900,3,1987,7
A36120713,1085,184,16201,富山県,1900,3,1987,7
A36120845,932,40,10201,群馬県,1900,3,1987,7
A36127051,994,-,13101,東京都,1900,3,1987,7
A36300807,916,3,13106,東京都,1900,3,1987,7
A36307578,1085,195,13105,東京都,1900,3,1987,7
A36382430,1132,215,13101,東京都,1900,3,1987,7
A36456318,828,82,13103,東京都,1900,3,1987,7
A36501998,947,275,13114,東京都,1900,3,1987,7
A36788862,1098,35,13102,東京都,1900,3,1987,7
A36815080,1072,157,13102,東京都,1900,3,1987,7
A36825323,1087,175,13113,東京都,1900,3,1987,7
A37220590,924,-,13101,東京都,1900,3,1987,7
A37299619,1144,186,13103,東京都,1900,3,1987,7
A37655170,1102,13,13112,東京都,1900,3,1987,7
A37696636,1086,195,13102,東京都,1900,3,1987,7
A37743421,954,95,13107,東京都,1900,3,1987,7
A37802774,935,50,14212,神奈川県,1900,3,1987,7
A37870609,854,65,13102,東京都,1900,3,1987,7
A37944319,1038,258,13101,東京都,1900,3,1987,7
A38003030,1032,231,27115,大阪府,1900,3,1987,7
A38009805,1034,136,19201,山梨県,1900,3,1987,7
A38011327,1064,90,17201,石川県,1900,3,1987,7
A38048033,1075,-,27115,大阪府,1900,3,1987,7
A38050574,1063,148,19213,山梨県,1900,3,1987,7
A38058009,1160,111,19210,山梨県,1900,3,1987,7
A38064100,977,26,27121,大阪府,1900,3,1987,7
A38081936,1213,93,45204,宮崎県,1900,3,1987,7
A38101972,990,282,27223,大阪府,1900,3,1987,7
A38103119,869,68,27106,大阪府,1900,3,1987,7
A38123486,958,24,28110,兵庫県,1900,3,1987,7
A38127641,1152,122,01202,北海道,1900,3,1987,7
A38130344,898,-,45201,宮崎県,1900,3,1987,7
A38136244,874,87,17201,石川県,1900,3,1987,7
A38136851,1036,57,17380,石川県,1900,3,1987,7
A38147844,989,150,31202,鳥取県,1900,3,1987,7
A38153110,902,72,19420,山梨県,1900,3,1987,7
A38170280,967,50,17201,石川県,1900,3,1987,7
A38172242,936,219,19206,山梨県,1900,3,1987,7
A38175201,1060,48,27212,大阪府,1900,3,1987,7
A38189273,988,183,27102,大阪府,1900,3,1987,7
A38189972,1015,118,31202,鳥取県,1900,3,1987,7
A38192821,1118,54,07214,福島県,1900,3,1987,7
A38323240,1045,97,13105,東京都,1900,3,1987,7
A38515420,1051,115,17201,石川県,1900,3,1987,7
A38530107,1109,195,19211,山梨県,1900,3,1987,7
A38531979,570,204,27117,大阪府,1900,3,1987,7
A38538443,1009,38,17201,石川県,1900,3,1987,7
A38555681,883,62,07210,福島県,1900,3,1987,7
A38572943,1014,122,01236,北海道,1900,3,1987,7
A38576189,795,137,01202,北海道,1900,3,1987,7
A38588834,1135,16,17203,石川県,1900,3,1987,7
A38591620,1021,-,19207,山梨県,1900,3,1987,7
A38596188,1082,19,19204,山梨県,1900,3,1987,7
A38600515,1023,126,27109,大阪府,1900,3,1987,7
A38633642,1264,155,45201,宮崎県,1900,3,1987,7
A38634830,1096,39,19211,山梨県,1900,3,1987,7
A38654330,1138,183,27126,大阪府,1900,3,1987,7
A38661875,965,171,27145,大阪府,1900,3,1987,7
A38662481,1009,74,19202,山梨県,1900,3,1987,7
A38667697,1038,93,17202,石川県,1900,3,1987,7
A38672615,934,-,27205,大阪府,1900,3,1987,7
A38672640,985,-,17209,石川県,1900,3,1987,7
A38679504,809,46,27227,大阪府,1900,3,1987,7
A38693842,976,181,13102,東京都,1900,3,1987,7
A38694219,887,91,28204,兵庫県,1900,3,1987,7
A38725549,834,279,29205,奈良県,1900,3,1987,7
A38801130,1125,187,07209,福島県,1900,3,1987,7
A38829551,919,59,07209,福島県,1900,3,1987,7
A38848619,1042,139,13117,東京都,1900,3,1987,7
A38853092,1013,318,08211,茨城県,1900,3,1987,7
A38855530,1105,93,07212,福島県,1900,3,1987,7
A38894627,1093,120,13103,東京都,1900,3,1987,7
A38897709,1005,95,27123,大阪府,1900,3,1987,7
A38947118,1093,152,27210,大阪府,1900,3,1987,7
A38952945,1047,54,27121,大阪府,1900,3,1987,7
A39021195,1090,57,28202,兵庫県,1900,3,1987,7
A39061399,870,145,13119,東京都,1900,3,1987,7
A39120154,1144,125,28204,兵庫県,1900,3,1987,7
A39146224,1247,75,27209,大阪府,1900,3,1987,7
A39153469,835,173,28202,兵庫県,1900,3,1987,7
A39217647,1006,71,27125,大阪府,1900,3,1987,7
A39282126,1118,180,13122,東京都,1900,3,1987,7
A39306912,1080,167,13111,東京都,1900,3,1987,7
A39360380,987,95,13115,東京都,1900,3,1987,7
A39377398,965,172,13201,東京都,1900,3,1987,7
A39419504,863,176,13121,東京都,1900,3,1987,7
A39421458,1095,43,27128,大阪府,1900,3,1987,7
A39429349,1166,106,27117,大阪府,1900,3,1987,7
A39455564,1069,82,27227,大阪府,1900,3,1987,7
A39483277,912,169,13116,東京都,1900,3,1987,7
A39485355,855,-,27127,大阪府,1900,3,1987,7
A39491227,1010,113,13120,東京都,1900,3,1987,7
A39498016,1027,-,27227,大阪府,1900,3,1987,7
A39505917,814,78,13102,東京都,1900,3,1987,7
A39505984,1250,163,28202,兵庫県,1900,3,1987,7
A39511400,1114,92,27123,大阪府,1900,3,1987,7
A39526524,1002,195,13116,東京都,1900,3,1987,7
A39542417,962,41,13123,東京都,1900,3,1987,7
A39581816,1063,60,13119,東京都,1900,3,1987,7
A39610770,906,123,27211,大阪府,1900,3,1987,7
A39613023,962,98,13121,東京都,1900,3,1987,7
A39723058,1020,200,12106,千葉県,1900,3,1987,7
A39724470,980,210,28110,兵庫県,1900,3,1987,7
A39765279,1019,57,27128,大阪府,1900,3,1987,7
A39807321,897,21,13103,東京都,1900,3,1987,7
A39824685,1165,207,27128,大阪府,1900,3,1987,7
A39831527,1005,168,27227,大阪府,1900,3,1987,7
A39831632,1035,-,27229,大阪府,1900,3,1987,7
A39852537,835,112,13113,東京都,1900,3,1987,7
A39874992,982,49,13101,東京都,1900,3,1987,7
A39881353,1096,95,28110,兵庫県,1900,3,1987,7
A39891170,833,147,27205,大阪府,1900,3,1987,7
A39931029,967,112,27215,大阪府,1900,3,1987,7
A39933921,1095,19,13107,東京都,1900,3,1987,7
A39960821,944,239,13116,東京都,1900,3,1987,7
A39985187,1121,81,27128,大阪府,1900,3,1987,7
A39985792,1007,136,27106,大阪府,1900,3,1987,7
A39988412,988,19,13113,東京都,1900,3,1987,7
A40119156,1074,117,27203,大阪府,1900,3,1987,7
A40127108,1157,-,13121,東京都,1900,3,1987,7
A40127487,919,91,11106,埼玉県,1900,3,1987,7
A40128691,1005,-,45201,宮崎県,1900,3,1987,7
A41110590,1147,163,34205,広島県,1900,3,1987,7
A41119171,1037,127,42202,長崎県,1900,3,1987,7
A41121871,1100,50,15213,新潟県,1900,3,1987,7
A41122789,971,30,10206,群馬県,1900,3,1987,7
A41124872,1020,16,45202,宮崎県,1900,3,1987,7
A42104021,1046,236,40227,福岡県,1900,3,1987,7
A42121056,1218,146,43400,熊本県,1900,3,1987,7
A42128109,1025,31,01107,北海道,1900,3,1987,7
A43122406,930,221,10201,群馬県,1900,3,1987,7
A43124079,1129,75,23105,愛知県,1900,3,1987,7
A43124673,1027,116,22203,静岡県,1900,3,1987,7
A43129515,1092,87,13113,東京都,1900,3,1987,7
A44109603,1096,-,35203,山口県,1900,3,1987,7
A44110098,1025,73,35208,山口県,1900,3,1987,7
A44123037,945,25,22210,静岡県,1900,3,1987,7
A45112771,859,154,22221,静岡県,1900,3,1987,7
A45118401,870,168,34101,広島県,1900,3,1987,7
A46112990,1034,-,42201,長崎県,1900,3,1987,7
A46116380,1112,39,40131,福岡県,1900,3,1987,7
A46125532,1055,52,44201,大分県,1900,3,1987,7
A46127330,867,-,35201,山口県,1900,3,1987,7
A48001176,1213,62,33213,岡山県,1900,3,1987,7
A48009447,1067,177,37203,香川県,1900,3,1987,7
A48014641,808,123,26214,京都府,1900,3,1987,7
A48026113,980,96,29210,奈良県,1900,3,1987,7
A48039778,1061,142,33103,岡山県,1900,3,1987,7
A48040355,991,70,01103,北海道,1900,3,1987,7
A48040567,959,137,29201,奈良県,1900,3,1987,7
A48044041,1021,112,37400,香川県,1900,3,1987,7
A48046359,962,66,01103,北海道,1900,3,1987,7
A48078731,855,187,29210,奈良県,1900,3,1987,7
A48089627,969,-,40106,福岡県,1900,3,1987,7
A48097482,898,161,29204,奈良県,1900,3,1987,7
A48116020,1122,2,02203,青森県,1900,3,1987,7
A48119880,932,233,10204,群馬県,1900,3,1987,7
A48132603,834,35,14206,神奈川県,1900,3,1987,7
A48137321,967,67,11216,埼玉県,1900,3,1987,7
A48149262,874,108,11210,埼玉県,1900,3,1987,7
A48151358,918,234,33101,岡山県,1900,3,1987,7
A48167709,1077,152,02203,青森県,1900,3,1987,7
A48188642,1131,151,11210,埼玉県,1900,3,1987,7
A48224420,1006,217,01102,北海道,1900,3,1987,7
A48416992,981,121,01102,北海道,1900,3,1987,7
A48444993,1118,51,01101,北海道,1900,3,1987,7
A48473993,983,117,01107,北海道,1900,3,1987,7
A48500432,1055,62,02206,青森県,1900,3,1987,7
A48502728,793,175,33101,岡山県,1900,3,1987,7
A48504025,1019,202,02207,青森県,1900,3,1987,7
A48506615,1011,-,34207,広島県,1900,3,1987,7
A48528080,924,203,14206,神奈川県,1900,3,1987,7
A48545490,966,155,33101,岡山県,1900,3,1987,7
A48552108,976,51,33101,岡山県,1900,3,1987,7
A48558077,1010,140,33101,岡山県,1900,3,1987,7
A48562738,1175,168,37208,香川県,1900,3,1987,7
A48563905,862,72,02203,青森県,1900,3,1987,7
A48571177,882,20,02203,青森県,1900,3,1987,7
A48578080,1091,111,33204,岡山県,1900,3,1987,7
A48579410,1062,107,37201,香川県,1900,3,1987,7
A48500432,1055,62,02206,青森県,1900,3,1987,7
A48502728,793,175,33101,岡山県,1900,3,1987,7
A48504025,1019,202,02207,青森県,1900,3,1987,7
A48506615,1011,-,34207,広島県,1900,3,1987,7
A48528080,924,203,14206,神奈川県,1900,3,1987,7
A48545490,966,155,33101,岡山県,1900,3,1987,7
A48552108,976,51,33101,岡山県,1900,3,1987,7
A48558077,1010,140,33101,岡山県,1900,3,1987,7
A48562738,1175,168,37208,香川県,1900,3,1987,7
A48563905,862,72,02203,青森県,1900,3,1987,7
A48571177,882,20,02203,青森県,1900,3,1987,7
A48578080,1091,111,33204,岡山県,1900,3,1987,7
A48579410,1062,107,37201,香川県,1900,3,1987,7
A48593318,845,210,37400,香川県,1900,3,1987,7
A48595736,954,229,02206,青森県,1900,3,1987,7
A48597673,710,138,22340,静岡県,1900,3,1987,7
A48600516,989,80,33204,岡山県,1900,3,1987,7
A48628697,872,75,40109,福岡県,1900,3,1987,7
A48644149,901,120,29201,奈良県,1900,3,1987,7
A48650835,1142,105,29360,奈良県,1900,3,1987,7
A48650863,1051,175,29360,奈良県,1900,3,1987,7
A48658622,1092,85,40226,福岡県,1900,3,1987,7
A48664791,1023,102,22225,静岡県,1900,3,1987,7
A48672578,912,29,29206,奈良県,1900,3,1987,7
A48672871,926,71,13103,東京都,1900,3,1987,7
A48679365,992,174,37201,香川県,1900,3,1987,7
A48703666,1001,154,01104,北海道,1900,3,1987,7
A48709884,986,226,26214,京都府,1900,3,1987,7
A48729661,1070,71,29205,奈良県,1900,3,1987,7
A48737411,870,213,40103,福岡県,1900,3,1987,7
A48751279,1060,163,40213,福岡県,1900,3,1987,7
A48762554,977,149,40400,福岡県,1900,3,1987,7
A48768597,969,206,40109,福岡県,1900,3,1987,7
A48800001,1012,152,01107,北海道,1900,3,1987,7
A48825392,1002,132,01109,北海道,1900,3,1987,7
A48833027,987,91,01209,北海道,1900,3,1987,7
A48855768,958,71,01103,北海道,1900,3,1987,7
A48859277,1042,238,01101,北海道,1900,3,1987,7
A48902252,1117,90,01103,北海道,1900,3,1987,7
A48982614,936,-,01235,北海道,1900,3,1987,7
A50116279,1059,139,30208,和歌山県,1900,3,1987,7
A50144057,993,128,40106,福岡県,1900,3,1987,7
A51119821,841,189,34207,広島県,1900,3,1987,7
A52111328,995,60,34102,広島県,1900,3,1987,7
A52114826,1103,114,34207,広島県,1900,3,1987,7
A52120639,653,95,18201,福井県,1900,3,1987,7
A52129373,912,187,12208,千葉県,1900,3,1987,7
A53103370,986,104,24202,三重県,1900,3,1987,7
A53109888,992,77,23201,愛知県,1900,3,1987,7
A53115151,853,190,37208,香川県,1900,3,1987,7
A53119280,1097,101,07201,福島県,1900,3,1987,7
A53122864,971,209,12232,千葉県,1900,3,1987,7
A53129414,968,16,35215,山口県,1900,3,1987,7
A54102312,798,98,40380,福岡県,1900,3,1987,7
A54121901,1011,-,43440,熊本県,1900,3,1987,7
A54122080,1064,192,24205,三重県,1900,3,1987,7
A54122974,929,279,06203,山形県,1900,3,1987,7
A54126705,1050,118,18209,福井県,1900,3,1987,7
A55102643,926,134,42201,長崎県,1900,3,1987,7
A55104675,942,124,35202,山口県,1900,3,1987,7
A55127220,950,65,17360,石川県,1900,3,1987,7
A55129132,1156,-,30380,和歌山県,1900,3,1987,7
A55156340,966,35,24207,三重県,1900,3,1987,7
A55491072,996,104,40133,福岡県,1900,3,1987,7
A55542160,889,60,46440,鹿児島県,1900,3,1987,7
A55575630,1013,228,23233,愛知県,1900,3,1987,7
A55620839,982,88,09213,栃木県,1900,3,1987,7
A55635530,1224,54,27210,大阪府,1900,3,1987,7
A55661596,914,158,25203,滋賀県,1900,3,1987,7
A56093732,1098,259,23214,愛知県,1900,3,1987,7
A56115782,897,-,28202,兵庫県,1900,3,1987,7
A56126972,1283,57,29201,奈良県,1900,3,1987,7
A56128715,989,43,12220,千葉県,1900,3,1987,7
A56129168,788,69,05204,秋田県,1900,3,1987,7
A56139385,889,219,26109,京都府,1900,3,1987,7
A56186561,865,101,28107,兵庫県,1900,3,1987,7
A56189041,1062,57,40206,福岡県,1900,3,1987,7
A56213973,871,172,08207,茨城県,1900,3,1987,7
A56231550,1106,45,01103,北海道,1900,3,1987,7
A56235505,998,30,32440,島根県,1900,3,1987,7
A56335881,1010,-,02201,青森県,1900,3,1987,7
A56482428,923,197,41206,佐賀県,1900,3,1987,7
A56591244,1031,170,22101,静岡県,1900,3,1987,7
A56709860,1194,10,40203,福岡県,1900,3,1987,7
A56735708,1190,9,44201,大分県,1900,3,1987,7
A56788729,910,-,35201,山口県,1900,3,1987,7
A56800600,924,9,34207,広島県,1900,3,1987,7
A56964080,896,130,12217,千葉県,1900,3,1987,7
A57209500,898,164,13113,東京都,1900,3,1987,7
A57222073,899,54,46201,鹿児島県,1900,3,1987,7
A57288221,971,156,13104,東京都,1900,3,1987,7
A57329086,1098,95,01103,北海道,1900,3,1987,7
A57342163,1002,259,43102,熊本県,1900,3,1987,7
A57378860,894,104,23205,愛知県,1900,3,1987,7
A57398005,815,-,12217,千葉県,1900,3,1987,7
A57419596,892,61,14152,神奈川県,1900,3,1987,7
A57422320,1081,192,40132,福岡県,1900,3,1987,7
A57704878,968,277,13207,東京都,1900,3,1987,7
A57742405,996,84,29201,奈良県,1900,3,1987,7
A57749622,1004,136,13204,東京都,1900,3,1987,7
A57774231,974,76,43102,熊本県,1900,3,1987,7
A57835941,1013,224,27118,大阪府,1900,3,1987,7
A57847288,884,-,21212,岐阜県,1900,3,1987,7
A57847684,816,35,21214,岐阜県,1900,3,1987,7
A57938192,926,-,01202,北海道,1900,3,1987,7
A58106569,969,121,35201,山口県,1900,3,1987,7
A58113018,963,110,26202,京都府,1900,3,1987,7
A58117625,935,53,24205,三重県,1900,3,1987,7
A58123777,1068,137,28209,兵庫県,1900,3,1987,7
A58125426,1188,169,24340,三重県,1900,3,1987,7
A58132066,973,119,42207,長崎県,1900,3,1987,7
A58132939,926,46,35201,山口県,1900,3,1987,7
A58134220,1157,142,15222,新潟県,1900,3,1987,7
A58134844,1144,90,12238,千葉県,1900,3,1987,7
A58136277,998,-,06206,山形県,1900,3,1987,7
A58136450,925,65,06210,山形県,1900,3,1987,7
A58144608,681,131,35201,山口県,1900,3,1987,7
A58157161,1007,39,13121,東京都,1900,3,1987,7
A58167484,991,20,24214,三重県,1900,3,1987,7
A58172817,1121,-,12101,千葉県,1900,3,1987,7
A58179594,1069,81,24205,三重県,1900,3,1987,7
A58181122,1036,47,42202,長崎県,1900,3,1987,7
A58185125,1132,59,24207,三重県,1900,3,1987,7
A58293374,1035,69,12101,千葉県,1900,3,1987,7
A58374943,925,42,12420,千葉県,1900,3,1987,7
A58437257,1161,-,12217,千葉県,1900,3,1987,7
A58509395,1168,213,12221,千葉県,1900,3,1987,7
A58520674,1080,126,24202,三重県,1900,3,1987,7
A58520773,1031,131,24207,三重県,1900,3,1987,7
A58538180,882,130,24202,三重県,1900,3,1987,7
A58538553,892,260,12219,千葉県,1900,3,1987,7
A58540027,1073,173,24207,三重県,1900,3,1987,7
A58541606,1002,158,24205,三重県,1900,3,1987,7
A58543019,914,24,13111,東京都,1900,3,1987,7
A58547580,1075,249,24202,三重県,1900,3,1987,7
A58548988,1004,307,24202,三重県,1900,3,1987,7
A58552917,1159,159,24202,三重県,1900,3,1987,7
A58579924,1090,75,33202,岡山県,1900,3,1987,7
A58583023,1008,187,24202,三重県,1900,3,1987,7
A58584184,873,134,13112,東京都,1900,3,1987,7
A58590593,1013,-,06340,山形県,1900,3,1987,7
A58604080,1080,5,06203,山形県,1900,3,1987,7
A58635717,997,220,12217,千葉県,1900,3,1987,7
A58714269,1067,125,12222,千葉県,1900,3,1987,7
A58777658,996,262,13116,東京都,1900,3,1987,7
A58779509,1027,205,13113,東京都,1900,3,1987,7
A58801321,1054,-,12232,千葉県,1900,3,1987,7
A58836146,1197,56,12210,千葉県,1900,3,1987,7
A58884438,923,52,13107,東京都,1900,3,1987,7
A58949652,954,-,12235,千葉県,1900,3,1987,7
A59110914,1026,47,13103,東京都,1900,3,1987,7
A59113635,1055,293,11360,埼玉県,1900,3,1987,7
A59117896,955,86,12102,千葉県,1900,3,1987,7
A60114128,1111,125,14153,神奈川県,1900,3,1987,7
A61102420,1042,119,14212,神奈川県,1900,3,1987,7
A61109220,851,29,16205,富山県,1900,3,1987,7
A61113462,1083,243,28213,兵庫県,1900,3,1987,7
A61122860,1070,89,35215,山口県,1900,3,1987,7
A61123997,854,-,43102,熊本県,1900,3,1987,7
A61126778,904,48,06203,山形県,1900,3,1987,7
A62101672,949,84,15102,新潟県,1900,3,1987,7
A62112280,863,26,40109,福岡県,1900,3,1987,7
A62114988,994,46,13103,東京都,1900,3,1987,7
A62118492,968,291,14153,神奈川県,1900,3,1987,7
A63112649,1096,126,20218,長野県,1900,3,1987,7
A63120425,1057,356,11108,埼玉県,1900,3,1987,7
A63124499,1228,-,14205,神奈川県,1900,3,1987,7
A64116720,982,55,13118,東京都,1900,3,1987,7
A64122034,928,-,42214,長崎県,1900,3,1987,7
A64125215,1015,89,28102,兵庫県,1900,3,1987,7
A64129585,1005,110,43214,熊本県,1900,3,1987,7
A65104478,1132,164,27128,大阪府,1900,3,1987,7
A65117352,951,66,27143,大阪府,1900,3,1987,7
A66100613,939,172,13108,東京都,1900,3,1987,7
A66120977,994,-,27227,大阪府,1900,3,1987,7
A67122263,1081,15,20340,長野県,1900,3,1987,7
A68001070,1048,68,20217,長野県,1900,3,1987,7
A68004432,890,146,28203,兵庫県,1900,3,1987,7
A68009197,1101,246,20320,長野県,1900,3,1987,7
A68045054,954,-,44201,大分県,1900,3,1987,7
A68055928,1061,129,28205,兵庫県,1900,3,1987,7
A68089193,1049,80,28204,兵庫県,1900,3,1987,7
A68098185,1232,63,28204,兵庫県,1900,3,1987,7
A66100613,939,172,13108,東京都,1900,3,1987,7
A66120977,994,-,27227,大阪府,1900,3,1987,7
A67122263,1081,15,20340,長野県,1900,3,1987,7
A68001070,1048,68,20217,長野県,1900,3,1987,7
A68004432,890,146,28203,兵庫県,1900,3,1987,7
A68009197,1101,246,20320,長野県,1900,3,1987,7
A68045054,954,-,44201,大分県,1900,3,1987,7
A68104551,893,74,01590,北海道,1900,3,1987,7
A68111149,971,162,01590,北海道,1900,3,1987,7
A68114431,1034,15,03480,岩手県,1900,3,1987,7
A68121650,1093,99,03201,岩手県,1900,3,1987,7
A68129547,993,209,39201,高知県,1900,3,1987,7
A68130360,777,126,10205,群馬県,1900,3,1987,7
A68144869,1116,259,28105,兵庫県,1900,3,1987,7
A68146638,1115,52,01207,北海道,1900,3,1987,7
A68152021,1010,36,20201,長野県,1900,3,1987,7
A68164028,1029,98,28105,兵庫県,1900,3,1987,7
A68166190,1094,72,44201,大分県,1900,3,1987,7
A68174320,927,141,03201,岩手県,1900,3,1987,7
A68180003,1039,265,20201,長野県,1900,3,1987,7
A68180385,790,168,10520,群馬県,1900,3,1987,7
A68181934,974,69,22131,静岡県,1900,3,1987,7
A68184446,985,152,03215,岩手県,1900,3,1987,7
A68520451,1095,-,01207,北海道,1900,3,1987,7
A68536408,1015,241,22133,静岡県,1900,3,1987,7
A68544934,914,121,20217,長野県,1900,3,1987,7
A68565034,870,144,44203,大分県,1900,3,1987,7
A68579199,1026,83,44201,大分県,1900,3,1987,7
A68582247,932,114,28110,兵庫県,1900,3,1987,7
A68584213,896,73,39205,高知県,1900,3,1987,7
A68587152,1252,-,39201,高知県,1900,3,1987,7
A68594610,912,80,28224,兵庫県,1900,3,1987,7
A68605083,1047,88,28105,兵庫県,1900,3,1987,7
A68625564,872,-,44201,大分県,1900,3,1987,7
A68650241,950,120,22132,静岡県,1900,3,1987,7
A68652140,941,82,20201,長野県,1900,3,1987,7
A68655834,932,86,39420,高知県,1900,3,1987,7
A68659189,906,194,03206,岩手県,1900,3,1987,7
A68671505,876,72,20201,長野県,1900,3,1987,7
A68679850,959,93,44201,大分県,1900,3,1987,7
A68687701,1006,40,04205,宮城県,1900,3,1987,7
A68769394,906,80,28106,兵庫県,1900,3,1987,7
A68842144,1090,38,28206,兵庫県,1900,3,1987,7
A69103360,972,-,22101,静岡県,1900,3,1987,7
A70119851,928,229,27106,大阪府,1900,3,1987,7
A70120000,877,177,22131,静岡県,1900,3,1987,7
A70122665,873,105,13212,東京都,1900,3,1987,7
A70127978,1001,-,13112,東京都,1900,3,1987,7
A71119202,895,288,34103,広島県,1900,3,1987,7
A72125232,1159,142,39204,高知県,1900,3,1987,7
A73104395,907,187,15211,新潟県,1900,3,1987,7
A73115521,976,166,01102,北海道,1900,3,1987,7
A74113878,944,209,46201,鹿児島県,1900,3,1987,7
A74115945,1008,177,44214,大分県,1900,3,1987,7
A74116480,971,61,34360,広島県,1900,3,1987,7
A74126810,767,80,27128,大阪府,1900,3,1987,7
A74128147,984,112,03500,岩手県,1900,3,1987,7
A75110692,899,133,15202,新潟県,1900,3,1987,7
A75117874,1019,38,38213,愛媛県,1900,3,1987,7
A75122406,1008,176,01350,北海道,1900,3,1987,7
A78113843,1041,154,32201,島根県,1900,3,1987,7
A78132925,1055,-,18201,福井県,1900,3,1987,7
A78133528,999,110,18201,福井県,1900,3,1987,7
A78134854,1069,-,32203,島根県,1900,3,1987,7
A78140240,1046,196,07460,福島県,1900,3,1987,7
A78141213,1146,10,07203,福島県,1900,3,1987,7
A78147482,961,95,07203,福島県,1900,3,1987,7
A78158042,1070,197,07203,福島県,1900,3,1987,7
A78167110,949,70,32201,島根県,1900,3,1987,7
A78184754,1090,252,07500,福島県,1900,3,1987,7
A78194999,1083,104,08224,茨城県,1900,3,1987,7
A78199794,1140,226,18210,福井県,1900,3,1987,7
A78207189,1039,145,18201,福井県,1900,3,1987,7
A78245665,1160,60,18210,福井県,1900,3,1987,7
A78256750,1001,43,18208,福井県,1900,3,1987,7
A78407110,950,-,46201,鹿児島県,1900,3,1987,7
A78421149,955,116,46215,鹿児島県,1900,3,1987,7
A78505646,836,79,07208,福島県,1900,3,1987,7
A78508194,1014,85,46210,鹿児島県,1900,3,1987,7
A78516333,871,93,46218,鹿児島県,1900,3,1987,7
A78535070,878,145,07203,福島県,1900,3,1987,7
A78540069,863,87,31360,鳥取県,1900,3,1987,7
A78541457,1105,64,18202,福井県,1900,3,1987,7
A78543609,1088,198,18201,福井県,1900,3,1987,7
A78547727,1007,217,07480,福島県,1900,3,1987,7
A78570846,1009,192,46215,鹿児島県,1900,3,1987,7
A78576428,840,106,07360,福島県,1900,3,1987,7
A78586800,1019,111,31201,鳥取県,1900,3,1987,7
A78593580,1080,219,07340,福島県,1900,3,1987,7
A78594964,853,258,46210,鹿児島県,1900,3,1987,7
A78603621,1004,-,46520,鹿児島県,1900,3,1987,7
A78604512,961,160,18209,福井県,1900,3,1987,7
A78656869,1177,82,46201,鹿児島県,1900,3,1987,7
A78664605,1246,95,18201,福井県,1900,3,1987,7
A78681546,1305,101,46216,鹿児島県,1900,3,1987,7
A78810098,794,26,46201,鹿児島県,1900,3,1987,7
A80115699,1107,43,25202,滋賀県,1900,3,1987,7
A80118210,1150,234,08203,茨城県,1900,3,1987,7
A80122090,1030,75,14102,神奈川県,1900,3,1987,7
A80122790,778,115,38203,愛媛県,1900,3,1987,7
A80124600,959,93,15206,新潟県,1900,3,1987,7
A80128379,1088,63,26207,京都府,1900,3,1987,7
A81124332,925,78,23206,愛知県,1900,3,1987,7
A81128840,1201,118,27127,大阪府,1900,3,1987,7
A82046260,1038,239,11232,埼玉県,1900,3,1987,7
A82089907,1295,193,11245,埼玉県,1900,3,1987,7
A82112559,825,187,05201,秋田県,1900,3,1987,7
A82120449,968,5,11222,埼玉県,1900,3,1987,7
A82121486,1083,239,20213,長野県,1900,3,1987,7
A82155279,1170,82,11208,埼玉県,1900,3,1987,7
A82156478,954,114,11201,埼玉県,1900,3,1987,7
A82162935,873,59,11239,埼玉県,1900,3,1987,7
A82567680,911,168,11224,埼玉県,1900,3,1987,7
A82588498,928,69,11225,埼玉県,1900,3,1987,7
A82613346,959,96,11232,埼玉県,1900,3,1987,7
A82630324,1013,161,11110,埼玉県,1900,3,1987,7
A82631229,975,131,11221,埼玉県,1900,3,1987,7
A82639387,902,156,11242,埼玉県,1900,3,1987,7
A82667404,1116,61,11203,埼玉県,1900,3,1987,7
A82690563,797,117,11203,埼玉県,1900,3,1987,7
A83117980,1063,34,27227,大阪府,1900,3,1987,7
A84104510,1121,-,13101,東京都,1900,3,1987,7
A85102844,1169,4,40380,福岡県,1900,3,1987,7
A85121133,998,247,14152,神奈川県,1900,3,1987,7
A85122784,940,193,23104,愛知県,1900,3,1987,7
A85123856,1057,-,10201,群馬県,1900,3,1987,7
A86100062,938,133,06210,山形県,1900,3,1987,7
A86103362,1026,188,22206,静岡県,1900,3,1987,7
A86113055,943,196,40203,福岡県,1900,3,1987,7
A86103362,1026,188,22206,静岡県,1900,3,1987,7
A86122878,1210,91,04212,宮城県,1900,3,1987,7
A86124343,967,48,13109,東京都,1900,3,1987,7
A88021931,945,172,11201,埼玉県,1900,3,1987,7
A88027943,1025,70,43102,熊本県,1900,3,1987,7
A88028359,991,117,11233,埼玉県,1900,3,1987,7
A88030548,982,125,43440,熊本県,1900,3,1987,7
A88031992,838,106,11214,埼玉県,1900,3,1987,7
A88039708,1066,170,43206,熊本県,1900,3,1987,7
A88045653,915,195,27360,大阪府,1900,3,1987,7
A88052910,1148,30,43104,熊本県,1900,3,1987,7
A88064301,903,260,27141,大阪府,1900,3,1987,7
A88079676,1010,-,16211,富山県,1900,3,1987,7
A88100038,948,148,35201,山口県,1900,3,1987,7
A88101260,1015,124,16202,富山県,1900,3,1987,7
A88102029,976,141,24215,三重県,1900,3,1987,7
A88102330,1016,237,06203,山形県,1900,3,1987,7
A88104697,807,73,43101,熊本県,1900,3,1987,7
A88110491,938,176,01205,北海道,1900,3,1987,7
A88111379,1116,136,43103,熊本県,1900,3,1987,7
A88118168,982,97,31203,鳥取県,1900,3,1987,7
A88123330,1011,116,01205,北海道,1900,3,1987,7
A88131102,892,253,16205,富山県,1900,3,1987,7
A88133609,926,97,43212,熊本県,1900,3,1987,7
A88139414,897,40,13209,東京都,1900,3,1987,7
A88140065,934,91,06204,山形県,1900,3,1987,7
A88142979,796,110,31201,鳥取県,1900,3,1987,7
A88191441,952,73,13112,東京都,1900,3,1987,7
A88226959,1058,54,11222,埼玉県,1900,3,1987,7
A88342691,973,163,11239,埼玉県,1900,3,1987,7
A88371714,969,10,11240,埼玉県,1900,3,1987,7
A88396010,1173,68,11106,埼玉県,1900,3,1987,7
A88508249,1002,191,13215,東京都,1900,3,1987,7
A88508741,986,209,43214,熊本県,1900,3,1987,7
A88510919,1118,229,24201,三重県,1900,3,1987,7
A88516006,1021,54,43208,熊本県,1900,3,1987,7
A88518261,876,170,27208,大阪府,1900,3,1987,7
A88520074,869,70,43215,熊本県,1900,3,1987,7
A88525376,847,77,43104,熊本県,1900,3,1987,7
A88537932,1147,52,24440,三重県,1900,3,1987,7
A88546464,953,96,43500,熊本県,1900,3,1987,7
A88546931,1003,156,43210,熊本県,1900,3,1987,7
A88549109,1048,-,24208,三重県,1900,3,1987,7
A88558778,1048,148,43215,熊本県,1900,3,1987,7
A88561184,1069,48,11221,埼玉県,1900,3,1987,7
A88575363,928,123,43101,熊本県,1900,3,1987,7
A88596493,1055,271,13201,東京都,1900,3,1987,7
A88604360,983,129,43102,熊本県,1900,3,1987,7
A88615853,884,8,27213,大阪府,1900,3,1987,7
A88632560,868,116,43103,熊本県,1900,3,1987,7
A88644767,1009,133,27360,大阪府,1900,3,1987,7
A88658890,1064,201,43206,熊本県,1900,3,1987,7
A88673716,983,-,16210,富山県,1900,3,1987,7
A88677470,1090,121,16202,富山県,1900,3,1987,7
A88678280,959,84,11222,埼玉県,1900,3,1987,7
A88686332,1125,-,13209,東京都,1900,3,1987,7
A88691865,1025,52,27128,大阪府,1900,3,1987,7
A88750537,973,262,11380,埼玉県,1900,3,1987,7
A88811000,1050,216,11214,埼玉県,1900,3,1987,7
A89104509,1094,-,23232,愛知県,1900,3,1987,7
A89113290,1003,170,12212,千葉県,1900,3,1987,7
A89122413,1231,182,12203,千葉県,1900,3,1987,7
A89125290,1100,106,20202,長野県,1900,3,1987,7
A90103800,920,-,40132,福岡県,1900,3,1987,7
A90113854,963,98,14216,神奈川県,1900,3,1987,7
A90114236,1001,144,01231,北海道,1900,3,1987,7
A90124756,903,93,09201,栃木県,1900,3,1987,7
A91119949,1172,40,43101,熊本県,1900,3,1987,7
A92022319,963,101,14201,神奈川県,1900,3,1987,7
A92072937,966,159,14101,神奈川県,1900,3,1987,7
A92078899,978,201,23203,愛知県,1900,3,1987,7
A92090950,1072,117,23105,愛知県,1900,3,1987,7
A92198746,988,148,14207,神奈川県,1900,3,1987,7
A92237591,1113,60,14212,神奈川県,1900,3,1987,7
A92297196,1219,198,14213,神奈川県,1900,3,1987,7
A92358930,1037,103,13104,東京都,1900,3,1987,7
A92388559,999,96,14111,神奈川県,1900,3,1987,7
A92410971,1043,44,14201,神奈川県,1900,3,1987,7
A92570409,1163,32,14109,神奈川県,1900,3,1987,7
A92650344,1055,-,23109,愛知県,1900,3,1987,7
A92675941,1184,145,14380,神奈川県,1900,3,1987,7
A92718494,1100,123,23206,愛知県,1900,3,1987,7
A92744130,914,54,14134,神奈川県,1900,3,1987,7
A92776897,1089,144,14204,神奈川県,1900,3,1987,7
A92718494,1100,123,23206,愛知県,1900,3,1987,7
A92744130,914,54,14134,神奈川県,1900,3,1987,7
A92776897,1089,144,14204,神奈川県,1900,3,1987,7
A92781007,940,68,23106,愛知県,1900,3,1987,7
A92846615,1151,29,23220,愛知県,1900,3,1987,7
A92852152,860,129,14201,神奈川県,1900,3,1987,7
A92861912,1079,203,23110,愛知県,1900,3,1987,7
A92878974,957,97,23219,愛知県,1900,3,1987,7
A92916573,971,7,14112,神奈川県,1900,3,1987,7
A92924190,1043,-,14110,神奈川県,1900,3,1987,7
A93102760,1003,78,27209,大阪府,1900,3,1987,7
A94117283,1019,55,22203,静岡県,1900,3,1987,7
A94119405,941,76,22222,静岡県,1900,3,1987,7
A96100088,998,81,23223,愛知県,1900,3,1987,7
A96106491,1053,146,23206,愛知県,1900,3,1987,7
A96114993,1087,148,26101,京都府,1900,3,1987,7
A96124375,1003,116,40131,福岡県,1900,3,1987,7
A96125022,876,17,13102,東京都,1900,3,1987,7
A96127750,1052,127,34101,広島県,1900,3,1987,7
A96128938,1003,57,26110,京都府,1900,3,1987,7
A97122088,1170,52,42210,長崎県,1900,3,1987,7
A97123004,986,18,23102,愛知県,1900,3,1987,7
A97124417,945,156,47201,沖縄県,1900,3,1987,7
A98002025,951,131,26108,京都府,1900,3,1987,7
A98003541,947,99,14103,神奈川県,1900,3,1987,7
A98013300,1103,96,47212,沖縄県,1900,3,1987,7
A98014092,971,-,04202,宮城県,1900,3,1987,7
A98015168,1042,245,23111,愛知県,1900,3,1987,7
A98021782,1072,26,47320,沖縄県,1900,3,1987,7
A98026644,1057,-,47210,沖縄県,1900,3,1987,7
A98039724,1004,194,14101,神奈川県,1900,3,1987,7
A98046421,1043,122,40340,福岡県,1900,3,1987,7
A98056340,1112,79,14108,神奈川県,1900,3,1987,7
A98060860,1011,74,23440,愛知県,1900,3,1987,7
A98105558,883,91,20202,長野県,1900,3,1987,7
A98127600,1035,251,34211,広島県,1900,3,1987,7
A98130851,929,6,26110,京都府,1900,3,1987,7
A98146653,948,77,20206,長野県,1900,3,1987,7
A98161981,990,156,47208,沖縄県,1900,3,1987,7
A98164058,1112,287,23105,愛知県,1900,3,1987,7
A98165237,882,219,23219,愛知県,1900,3,1987,7
A98192383,814,25,23109,愛知県,1900,3,1987,7
A98195955,1024,22,20214,長野県,1900,3,1987,7
A98196095,911,85,26107,京都府,1900,3,1987,7
A98197995,983,167,23111,愛知県,1900,3,1987,7
A98195955,1024,22,20214,長野県,1900,3,1987,7
A98196095,911,85,26107,京都府,1900,3,1987,7
A98197995,983,167,23111,愛知県,1900,3,1987,7
A98198856,995,124,20214,長野県,1900,3,1987,7
A98198856,995,124,20214,長野県,1900,3,1987,7
A98205461,897,62,04203,宮城県,1900,3,1987,7
A98221000,952,127,40132,福岡県,1900,3,1987,7
A98252893,855,-,14152,神奈川県,1900,3,1987,7
A98256801,1031,174,14134,神奈川県,1900,3,1987,7
A98264090,1005,-,14133,神奈川県,1900,3,1987,7
A98293085,1278,-,14131,神奈川県,1900,3,1987,7
A98298778,889,7,23230,愛知県,1900,3,1987,7
A98300800,1054,13,23212,愛知県,1900,3,1987,7
A98343188,910,136,21204,岐阜県,1900,3,1987,7
A98356018,1111,22,14153,神奈川県,1900,3,1987,7
A98373936,1070,113,23206,愛知県,1900,3,1987,7
A98382022,903,125,23234,愛知県,1900,3,1987,7
A98401530,940,160,14131,神奈川県,1900,3,1987,7
A98406863,1003,216,14109,神奈川県,1900,3,1987,7
A98418901,923,60,04105,宮城県,1900,3,1987,7
A98421528,1022,24,26101,京都府,1900,3,1987,7
A98435397,983,157,04101,宮城県,1900,3,1987,7
A98442163,1055,114,26340,京都府,1900,3,1987,7
A98444867,1008,53,26340,京都府,1900,3,1987,7
A98455016,976,-,14134,神奈川県,1900,3,1987,7
A98460293,896,-,04440,宮城県,1900,3,1987,7
A98468872,928,-,04101,宮城県,1900,3,1987,7
A98484327,891,117,40230,福岡県,1900,3,1987,7
A98524530,884,133,23207,愛知県,1900,3,1987,7
A98529361,873,-,40132,福岡県,1900,3,1987,7
A98534640,1058,77,20220,長野県,1900,3,1987,7
A98545550,988,-,26104,京都府,1900,3,1987,7
A98569840,1030,95,04400,宮城県,1900,3,1987,7
A98574906,1036,85,26340,京都府,1900,3,1987,7
A98582860,941,158,20380,長野県,1900,3,1987,7
A98585157,810,37,40132,福岡県,1900,3,1987,7
A98598803,1066,150,47201,沖縄県,1900,3,1987,7
A98601844,990,83,40134,福岡県,1900,3,1987,7
A98607246,948,94,20204,長野県,1900,3,1987,7
A98608101,903,146,26340,京都府,1900,3,1987,7
A98615222,839,-,47201,沖縄県,1900,3,1987,7
A98601844,990,83,40134,福岡県,1900,3,1987,7
A98607246,948,94,20204,長野県,1900,3,1987,7
A98608101,903,146,26340,京都府,1900,3,1987,7
A98615222,839,-,47201,沖縄県,1900,3,1987,7
A98619600,1048,89,47214,沖縄県,1900,3,1987,7
A98644635,1092,93,47215,沖縄県,1900,3,1987,7
A98647972,869,11,47208,沖縄県,1900,3,1987,7
A98653516,1169,74,13102,東京都,1900,3,1987,7
A98662626,1057,112,26110,京都府,1900,3,1987,7
A98669565,987,-,26204,京都府,1900,3,1987,7
A98679200,908,115,25201,滋賀県,1900,3,1987,7
A98682086,948,293,34102,広島県,1900,3,1987,7
A98696566,993,159,26108,京都府,1900,3,1987,7
A98696988,1023,207,26204,京都府,1900,3,1987,7
A98710443,1003,67,26107,京都府,1900,3,1987,7
A98717959,933,-,21206,岐阜県,1900,3,1987,7
A98747660,813,35,26204,京都府,1900,3,1987,7
A98760542,849,95,26104,京都府,1900,3,1987,7
A98774002,960,177,35320,山口県,1900,3,1987,7
A98793237,962,79,26103,京都府,1900,3,1987,7
A98801100,980,103,04600,宮城県,1900,3,1987,7
A98813106,879,27,40136,福岡県,1900,3,1987,7
A98817640,1155,289,26110,京都府,1900,3,1987,7
A98819190,881,63,23101,愛知県,1900,3,1987,7
A98823023,1022,41,04213,宮城県,1900,3,1987,7
A98831048,998,228,40205,福岡県,1900,3,1987,7
A98836874,1235,162,14118,神奈川県,1900,3,1987,7
A98841380,1087,111,40133,福岡県,1900,3,1987,7
A98848612,934,94,34106,広島県,1900,3,1987,7
A98848930,1040,49,14118,神奈川県,1900,3,1987,7
A98849452,974,201,40134,福岡県,1900,3,1987,7
A98849526,927,141,40131,福岡県,1900,3,1987,7
A98851451,993,63,04202,宮城県,1900,3,1987,7
A98853626,988,-,26110,京都府,1900,3,1987,7
A98857425,1005,179,34212,広島県,1900,3,1987,7
A98866311,935,106,26201,京都府,1900,3,1987,7
A98880308,973,15,26109,京都府,1900,3,1987,7
A98880720,1035,-,13111,東京都,1900,3,1987,7
A98883798,948,202,14212,神奈川県,1900,3,1987,7
A98887259,1073,-,26210,京都府,1900,3,1987,7
A98922744,942,71,14380,神奈川県,1900,3,1987,7
A98926771,896,1,34212,広島県,1900,3,1987,7
A98931885,938,86,14107,神奈川県,1900,3,1987,7
A98950114,1211,30,40132,福岡県,1900,3,1987,7
A98996279,1017,60,40137,福岡県,1900,3,1987,7
A99103314,899,152,40106,福岡県,1900,3,1987,7
A99123699,1119,79,43400,熊本県,1900,3,1987,7
A99127638,1076,123,45201,宮崎県,1900,3,1987,7
A08125753,988,23,02202,青森県,1900,3,1987,7
