ZR[h,s撬R[h,s撬
1020100100,10201,Os
1020100300,10201,Os
1020100302,10201,Os
1020100600,10201,Os
1020100601,10201,Os
1020100602,10201,Os
1020100603,10201,Os
1020100800,10201,Os
1020101000,10201,Os
1020101100,10201,Os
1020101202,10201,Os
1020101505,10201,Os
1020101700,10201,Os
1020101800,10201,Os
1020101902,10201,Os
1020102000,10201,Os
1020102200,10201,Os
1020102301,10201,Os
1020102303,10201,Os
1020102501,10201,Os
1020102601,10201,Os
1020102602,10201,Os
1020102800,10201,Os
1020102901,10201,Os
1020102902,10201,Os
1020103100,10201,Os
1020103300,10201,Os
1020103400,10201,Os
1020103602,10201,Os
1020103603,10201,Os
1020103700,10201,Os
1020103900,10201,Os
1020104000,10201,Os
1020104100,10201,Os
1020104200,10201,Os
1020104300,10201,Os
1020104401,10201,Os
1020104600,10201,Os
1020104800,10201,Os
1020104900,10201,Os
1020105101,10201,Os
1020105102,10201,Os
1020105400,10201,Os
1020105600,10201,Os
1020105700,10201,Os
1020105900,10201,Os
1020106100,10201,Os
1020106201,10201,Os
1020106600,10201,Os
1020106700,10201,Os
1020106800,10201,Os
1020106902,10201,Os
1020106903,10201,Os
1020107000,10201,Os
1020107400,10201,Os
1020107600,10201,Os
1020107702,10201,Os
1020107705,10201,Os
1020107802,10201,Os
1020107900,10201,Os
1020108001,10201,Os
1020108004,10201,Os
1020108005,10201,Os
1020108006,10201,Os
1020108007,10201,Os
1020108101,10201,Os
1020108202,10201,Os
1020108300,10201,Os
1020108403,10201,Os
1020108404,10201,Os
1020108600,10201,Os
1020108900,10201,Os
1020109000,10201,Os
1020109100,10201,Os
1020109201,10201,Os
1020109202,10201,Os
1020109500,10201,Os
1020109703,10201,Os
1020109705,10201,Os
1020109800,10201,Os
1020110000,10201,Os
1020110400,10201,Os
1020110600,10201,Os
1020110700,10201,Os
1020110800,10201,Os
1020111003,10201,Os
1020111102,10201,Os
1020111200,10201,Os
1020111302,10201,Os
1020111402,10201,Os
1020111800,10201,Os
1020111901,10201,Os
1020112003,10201,Os
1020112500,10201,Os
1020112600,10201,Os
1020112700,10201,Os
1020112800,10201,Os
1020112900,10201,Os
1020113004,10201,Os
1020113100,10201,Os
1020113500,10201,Os
1020113600,10201,Os
1020113700,10201,Os
1020113800,10201,Os
1020114100,10201,Os
1020114300,10201,Os
1020114500,10201,Os
1020114600,10201,Os
1020114700,10201,Os
1020115100,10201,Os
1020115400,10201,Os
1020115500,10201,Os
1020115600,10201,Os
1020115700,10201,Os
1020115800,10201,Os
1020116000,10201,Os
1020116100,10201,Os
1020116200,10201,Os
1020116400,10201,Os
1020116500,10201,Os
1020116600,10201,Os
1020117000,10201,Os
1020117100,10201,Os
1020117400,10201,Os
1020117500,10201,Os
1020117700,10201,Os
1020117900,10201,Os
1020200300,10202,s
1020200600,10202,s
1020200800,10202,s
1020200900,10202,s
1020201300,10202,s
1020201600,10202,s
1020201700,10202,s
1020201800,10202,s
1020201900,10202,s
1020202000,10202,s
1020202302,10202,s
1020202303,10202,s
1020202600,10202,s
1020202700,10202,s
1020202800,10202,s
1020202900,10202,s
1020203000,10202,s
1020203100,10202,s
1020203200,10202,s
1020203300,10202,s
1020203500,10202,s
1020203800,10202,s
1020204000,10202,s
1020204100,10202,s
1020204300,10202,s
1020204400,10202,s
1020204500,10202,s
1020204600,10202,s
1020204700,10202,s
1020205100,10202,s
1020205200,10202,s
1020205500,10202,s
1020205700,10202,s
1020205800,10202,s
1020205900,10202,s
1020206000,10202,s
1020206404,10202,s
1020206500,10202,s
1020206700,10202,s
1020206800,10202,s
1020207400,10202,s
1020207500,10202,s
1020208000,10202,s
1020208300,10202,s
1020208500,10202,s
1020208600,10202,s
1020208900,10202,s
1020209303,10202,s
1020209401,10202,s
1020209402,10202,s
1020209404,10202,s
1020209500,10202,s
1020209600,10202,s
1020209800,10202,s
1020209900,10202,s
1020210300,10202,s
1020210700,10202,s
1020210800,10202,s
1020210900,10202,s
1020211100,10202,s
1020211500,10202,s
1020211700,10202,s
1020211800,10202,s
1020211900,10202,s
1020212400,10202,s
1020212700,10202,s
1020212801,10202,s
1020212802,10202,s
1020212803,10202,s
1020212900,10202,s
1020213100,10202,s
1020213200,10202,s
1020213300,10202,s
1020213400,10202,s
1020213900,10202,s
1020214200,10202,s
1020214400,10202,s
1020214500,10202,s
1020214701,10202,s
1020214802,10202,s
1020214804,10202,s
1020215100,10202,s
1020215203,10202,s
1020215204,10202,s
1020215300,10202,s
1020215600,10202,s
1020215700,10202,s
1020216100,10202,s
1020216200,10202,s
1020216300,10202,s
1020216400,10202,s
1020216600,10202,s
1020216800,10202,s
1020217100,10202,s
1020217300,10202,s
1020217500,10202,s
1020217600,10202,s
1020217800,10202,s
1020217900,10202,s
1020218000,10202,s
1020218200,10202,s
1020218400,10202,s
1020218500,10202,s
1020218700,10202,s
1020218900,10202,s
1020219000,10202,s
1020219100,10202,s
1020219200,10202,s
1020219300,10202,s
1020219600,10202,s
1020219900,10202,s
1020220000,10202,s
1020220100,10202,s
1020220400,10202,s
1020220600,10202,s
1020220700,10202,s
1020220900,10202,s
1020221000,10202,s
1020221200,10202,s
1020221300,10202,s
1020221400,10202,s
1020221500,10202,s
1020221600,10202,s
1020221700,10202,s
1020222200,10202,s
1020222300,10202,s
1020222400,10202,s
1020222600,10202,s
1020222800,10202,s
1020222902,10202,s
1020223300,10202,s
1020223400,10202,s
1020223500,10202,s
1020300101,10203,ːs
1020300102,10203,ːs
1020300103,10203,ːs
1020300104,10203,ːs
1020300105,10203,ːs
1020300601,10203,ːs
1020300602,10203,ːs
1020300604,10203,ːs
1020300903,10203,ːs
1020300905,10203,ːs
1020301200,10203,ːs
1020301400,10203,ːs
1020301501,10203,ːs
1020301502,10203,ːs
1020301503,10203,ːs
1020301505,10203,ːs
1020301506,10203,ːs
1020301507,10203,ːs
1020301701,10203,ːs
1020301702,10203,ːs
1020301703,10203,ːs
1020302001,10203,ːs
1020302401,10203,ːs
1020302502,10203,ːs
1020302503,10203,ːs
1020302601,10203,ːs
1020302701,10203,ːs
1020302702,10203,ːs
1020302802,10203,ːs
1020302803,10203,ːs
1020302804,10203,ːs
1020302805,10203,ːs
1020302806,10203,ːs
1020302807,10203,ːs
1020302901,10203,ːs
1020302902,10203,ːs
1020303301,10203,ːs
1020303302,10203,ːs
1020303303,10203,ːs
1020303304,10203,ːs
1020303305,10203,ːs
1020303306,10203,ːs
1020303307,10203,ːs
1020303400,10203,ːs
1020303504,10203,ːs
1020303505,10203,ːs
1020303600,10203,ːs
1020303801,10203,ːs
1020303804,10203,ːs
1020303901,10203,ːs
1020303902,10203,ːs
1020304100,10203,ːs
1020304201,10203,ːs
1020304202,10203,ːs
1020304204,10203,ːs
1020304205,10203,ːs
1020304600,10203,ːs
1020304900,10203,ːs
1020305200,10203,ːs
1020305300,10203,ːs
1020305400,10203,ːs
1020305600,10203,ːs
1020305700,10203,ːs
1020305900,10203,ːs
1020400300,10204,ɐs
1020400400,10204,ɐs
1020400701,10204,ɐs
1020400702,10204,ɐs
1020400800,10204,ɐs
1020400900,10204,ɐs
1020401200,10204,ɐs
1020401300,10204,ɐs
1020401400,10204,ɐs
1020401500,10204,ɐs
1020401600,10204,ɐs
1020401700,10204,ɐs
1020402000,10204,ɐs
1020402200,10204,ɐs
1020402300,10204,ɐs
1020402400,10204,ɐs
1020402500,10204,ɐs
1020402600,10204,ɐs
1020402800,10204,ɐs
1020402900,10204,ɐs
1020403200,10204,ɐs
1020403300,10204,ɐs
1020403500,10204,ɐs
1020403600,10204,ɐs
1020403800,10204,ɐs
1020403900,10204,ɐs
1020404000,10204,ɐs
1020404100,10204,ɐs
1020404300,10204,ɐs
1020404400,10204,ɐs
1020404500,10204,ɐs
1020404600,10204,ɐs
1020404700,10204,ɐs
1020404900,10204,ɐs
1020405000,10204,ɐs
1020405100,10204,ɐs
1020405400,10204,ɐs
1020405600,10204,ɐs
1020405700,10204,ɐs
1020405800,10204,ɐs
1020405900,10204,ɐs
1020406100,10204,ɐs
1020406500,10204,ɐs
1020406600,10204,ɐs
1020406700,10204,ɐs
1020406800,10204,ɐs
1020406900,10204,ɐs
1020407000,10204,ɐs
1020407200,10204,ɐs
1020407601,10204,ɐs
1020407900,10204,ɐs
1020408000,10204,ɐs
1020408200,10204,ɐs
1020408301,10204,ɐs
1020408302,10204,ɐs
1020408400,10204,ɐs
1020408701,10204,ɐs
1020408702,10204,ɐs
1020408800,10204,ɐs
1020408901,10204,ɐs
1020408902,10204,ɐs
1020409000,10204,ɐs
1020409102,10204,ɐs
1020409200,10204,ɐs
1020409400,10204,ɐs
1020409500,10204,ɐs
1020409600,10204,ɐs
1020409700,10204,ɐs
1020409900,10204,ɐs
1020410000,10204,ɐs
1020410100,10204,ɐs
1020410300,10204,ɐs
1020410400,10204,ɐs
1020410500,10204,ɐs
1020410600,10204,ɐs
1020410700,10204,ɐs
1020410800,10204,ɐs
1020411200,10204,ɐs
1020411300,10204,ɐs
1020411400,10204,ɐs
1020411500,10204,ɐs
1020411600,10204,ɐs
1020411700,10204,ɐs
1020411800,10204,ɐs
1020411901,10204,ɐs
1020411903,10204,ɐs
1020412101,10204,ɐs
1020412103,10204,ɐs
1020412200,10204,ɐs
1020412300,10204,ɐs
1020412400,10204,ɐs
1020412500,10204,ɐs
1020412600,10204,ɐs
1020412700,10204,ɐs
1020412800,10204,ɐs
1020412900,10204,ɐs
1020500100,10205,cs
1020500300,10205,cs
1020502000,10205,cs
1020502600,10205,cs
1020503600,10205,cs
1020504100,10205,cs
1020504300,10205,cs
1020504600,10205,cs
1020504900,10205,cs
1020505200,10205,cs
1020506200,10205,cs
1020507100,10205,cs
1020507500,10205,cs
1020507800,10205,cs
1020507900,10205,cs
1020508100,10205,cs
1020508300,10205,cs
1020508900,10205,cs
1020509000,10205,cs
1020509100,10205,cs
1020509200,10205,cs
1020509300,10205,cs
1020509500,10205,cs
1020509700,10205,cs
1020509800,10205,cs
1020510000,10205,cs
1020510100,10205,cs
1020510200,10205,cs
1020510300,10205,cs
1020510400,10205,cs
1020510500,10205,cs
1020510600,10205,cs
1020510700,10205,cs
1020510900,10205,cs
1020511000,10205,cs
1020511400,10205,cs
1020511500,10205,cs
1020511900,10205,cs
1020512000,10205,cs
1020512500,10205,cs
1020512600,10205,cs
1020512700,10205,cs
1020512900,10205,cs
1020513000,10205,cs
1020513100,10205,cs
1020513200,10205,cs
1020513300,10205,cs
1020513600,10205,cs
1020513800,10205,cs
1020513900,10205,cs
1020514000,10205,cs
1020514100,10205,cs
1020514200,10205,cs
1020514300,10205,cs
1020514400,10205,cs
1020514500,10205,cs
1020515000,10205,cs
1020515100,10205,cs
1020515200,10205,cs
1020515300,10205,cs
1020515500,10205,cs
1020515600,10205,cs
1020515700,10205,cs
1020515800,10205,cs
1020515900,10205,cs
1020516200,10205,cs
1020516400,10205,cs
1020516700,10205,cs
1020516800,10205,cs
1020517000,10205,cs
1020517100,10205,cs
1020517200,10205,cs
1020517300,10205,cs
1020517400,10205,cs
1020517500,10205,cs
1020517600,10205,cs
1020517700,10205,cs
1020517800,10205,cs
1020518100,10205,cs
1020518200,10205,cs
1020518400,10205,cs
1020518700,10205,cs
1020518900,10205,cs
1020519000,10205,cs
1020519200,10205,cs
1020519400,10205,cs
1020519500,10205,cs
1020520000,10205,cs
1020520100,10205,cs
1020520200,10205,cs
1020520300,10205,cs
1020600200,10206,cs
1020600300,10206,cs
1020600600,10206,cs
1020600800,10206,cs
1020600900,10206,cs
1020601100,10206,cs
1020601200,10206,cs
1020601600,10206,cs
1020601700,10206,cs
1020601800,10206,cs
1020602300,10206,cs
1020602400,10206,cs
1020602500,10206,cs
1020602700,10206,cs
1020603000,10206,cs
1020603100,10206,cs
1020603300,10206,cs
1020604500,10206,cs
1020605500,10206,cs
1020605600,10206,cs
1020605700,10206,cs
1020606000,10206,cs
1020606800,10206,cs
1020606900,10206,cs
1020607300,10206,cs
1020607400,10206,cs
1020607500,10206,cs
1020607700,10206,cs
1020609300,10206,cs
1020700300,10207,ٗюs
1020700601,10207,ٗюs
1020700602,10207,ٗюs
1020700603,10207,ٗюs
1020701900,10207,ٗюs
1020702200,10207,ٗюs
1020703200,10207,ٗюs
1020703400,10207,ٗюs
1020703900,10207,ٗюs
1020704202,10207,ٗюs
1020704203,10207,ٗюs
1020704601,10207,ٗюs
1020704900,10207,ٗюs
1020705000,10207,ٗюs
1020705200,10207,ٗюs
1020705300,10207,ٗюs
1020705400,10207,ٗюs
1020705500,10207,ٗюs
1020705800,10207,ٗюs
1020706000,10207,ٗюs
1020706300,10207,ٗюs
1020706400,10207,ٗюs
1020706500,10207,ٗюs
1020706600,10207,ٗюs
1020706800,10207,ٗюs
1020707000,10207,ٗюs
1020707100,10207,ٗюs
1020707300,10207,ٗюs
1020707700,10207,ٗюs
1020708100,10207,ٗюs
1020708400,10207,ٗюs
1020708500,10207,ٗюs
1020708600,10207,ٗюs
1020708700,10207,ٗюs
1020708800,10207,ٗюs
1020709000,10207,ٗюs
1020709300,10207,ٗюs
1020800200,10208,as
1020800300,10208,as
1020800500,10208,as
1020800600,10208,as
1020800700,10208,as
1020800800,10208,as
1020800900,10208,as
1020801200,10208,as
1020801600,10208,as
1020802100,10208,as
1020802700,10208,as
1020803000,10208,as
1020803300,10208,as
1020803400,10208,as
1020803600,10208,as
1020803700,10208,as
1020803800,10208,as
1020803900,10208,as
1020804200,10208,as
1020804500,10208,as
1020804700,10208,as
1020805000,10208,as
1020805100,10208,as
1020900100,10209,s
1020900300,10209,s
1020900500,10209,s
1020900600,10209,s
1020900700,10209,s
1020901200,10209,s
1020901300,10209,s
1020901400,10209,s
1020901500,10209,s
1020901600,10209,s
1020901700,10209,s
1020901800,10209,s
1020901900,10209,s
1020902100,10209,s
1020902300,10209,s
1020902400,10209,s
1020902500,10209,s
1020902600,10209,s
1020902700,10209,s
1020902900,10209,s
1020903000,10209,s
1020903200,10209,s
1020903300,10209,s
1020903500,10209,s
1020903600,10209,s
1020903700,10209,s
1020904500,10209,s
1020904700,10209,s
1020904800,10209,s
1020905000,10209,s
1021000100,10210,xs
1021000200,10210,xs
1021000400,10210,xs
1021000600,10210,xs
1021000700,10210,xs
1021000800,10210,xs
1021000900,10210,xs
1021001000,10210,xs
1021001100,10210,xs
1021001200,10210,xs
1021001300,10210,xs
1021001400,10210,xs
1021001600,10210,xs
1021001700,10210,xs
1021001900,10210,xs
1021002000,10210,xs
1021002100,10210,xs
1021002200,10210,xs
1021002300,10210,xs
1021002500,10210,xs
1021002600,10210,xs
1021002700,10210,xs
1021002900,10210,xs
1021003000,10210,xs
1021003100,10210,xs
1021003200,10210,xs
1021003300,10210,xs
1021003400,10210,xs
1021003500,10210,xs
1021003600,10210,xs
1021003900,10210,xs
1021004000,10210,xs
1021004400,10210,xs
1021004500,10210,xs
1021004900,10210,xs
1021100100,10211,s
1021100202,10211,s
1021100203,10211,s
1021100300,10211,s
1021100400,10211,s
1021100500,10211,s
1021100600,10211,s
1021101000,10211,s
1021101100,10211,s
1021101200,10211,s
1021101300,10211,s
1021101500,10211,s
1021101700,10211,s
1021101800,10211,s
1021101900,10211,s
1021102100,10211,s
1021102300,10211,s
1021102400,10211,s
1021102500,10211,s
1021102900,10211,s
1021103000,10211,s
1021103600,10211,s
1021103900,10211,s
1021104200,10211,s
1021104400,10211,s
1021104500,10211,s
1021104800,10211,s
1021104900,10211,s
1021105000,10211,s
1021105100,10211,s
1021200400,10212,݂ǂs
1021201000,10212,݂ǂs
1021201200,10212,݂ǂs
1021201300,10212,݂ǂs
1021201500,10212,݂ǂs
1021201600,10212,݂ǂs
1021201700,10212,݂ǂs
1021201900,10212,݂ǂs
1021202000,10212,݂ǂs
1021202100,10212,݂ǂs
1021202200,10212,݂ǂs
1034000401,10344,Y
1034000403,10344,Y
1034000404,10344,Y
1034000501,10345,g
1034000502,10345,g
1034000503,10345,g
1034000504,10345,g
1034000506,10345,g
1038000102,10384,Êy
1038000103,10384,Êy
1038000105,10384,Êy
1038000106,10384,Êy
1038000108,10384,Êy
1038000109,10384,Êy
1038000110,10384,Êy
1038000113,10384,Êy
1038000202,10382,mc
1038000204,10382,mc
1038000205,10382,mc
1038000207,10382,mc
1038000209,10382,mc
1038000211,10382,mc
1038000212,10382,mc
1038000213,10382,mc
1038000215,10382,mc
1038000217,10382,mc
1038000219,10382,mc
1038000301,10383,q
1038000304,10383,q
1038000305,10383,q
1038000308,10383,q
1042000301,10426,Ò
1042000501,10428,R
1042000502,10428,R
1042000603,10425,ڗ
1042000607,10425,ڗ
1042000610,10425,ڗ
1042000704,10421,V
1042000705,10421,V
1042000709,10421,V
1042000716,10421,V
1042000717,10421,V
1042000804,10424,쌴
1042000805,10424,쌴
1042000905,10429,Ȓ
1042000912,10429,Ȓ
1042000913,10429,Ȓ
1042000917,10429,Ȓ
1042000919,10429,Ȓ
1044000101,10443,Еi
1044000201,10444,ꑺ
1044000203,10444,ꑺ
1044000208,10444,ꑺ
1044000304,10448,a
1044000306,10448,a
1044001002,10449,݂Ȃݒ
1044001011,10449,݂Ȃݒ
1044001012,10449,݂Ȃݒ
1044001013,10449,݂Ȃݒ
1044001014,10449,݂Ȃݒ
1044001017,10449,݂Ȃݒ
1044001021,10449,݂Ȃݒ
1044001034,10449,݂Ȃݒ
1044001035,10449,݂Ȃݒ
1044001036,10449,݂Ȃݒ
1044001042,10449,݂Ȃݒ
1046000400,10464,ʑ
1046000401,10464,ʑ
1046000402,10464,ʑ
1046000403,10464,ʑ
1046000404,10464,ʑ
1046000405,10464,ʑ
1046000406,10464,ʑ
1046000407,10464,ʑ
1046000408,10464,ʑ
1046000409,10464,ʑ
1046000410,10464,ʑ
1046000413,10464,ʑ
1046000414,10464,ʑ
1046000415,10464,ʑ
1046000418,10464,ʑ
1046000421,10464,ʑ
1046000422,10464,ʑ
1046000423,10464,ʑ
1046000424,10464,ʑ
1052000101,10521,q
1052000102,10521,q
1052000103,10521,q
1052000105,10521,q
1052000107,10521,q
1052000108,10521,q
1052000109,10521,q
1052000112,10521,q
1052000113,10521,q
1052000114,10521,q
1052000201,10525,Wy
1052000203,10525,Wy
1052000207,10525,Wy
1052000209,10525,Wy
1052000210,10525,Wy
1052000211,10525,Wy
1052000302,10524,
1052000303,10524,
1052000305,10524,
1052000306,10524,
1052000307,10524,
1052000308,10524,
1052000310,10524,
1052000312,10524,
1052000320,10524,
1052000321,10524,
1052000329,10524,
1052000336,10524,
1052000340,10524,
1052000342,10524,
1052000346,10524,
1052000401,10523,c
1052000402,10523,c
1052000404,10523,c
1052000407,10523,c
1052000408,10523,c
1052000410,10523,c
1052000411,10523,c
1052000412,10523,c
1052000414,10523,c
1052000501,10522,a
1052000502,10522,a
1052000503,10522,a
1052000505,10522,a
1052000506,10522,a
1052000507,10522,a
1052000508,10522,a
1052000511,10522,a
1052000513,10522,a
1052000514,10522,a
1052000515,10522,a
1052000516,10522,a
1052000517,10522,a
